pheno_crate,target_repo,target_path,status
phenotype-async-traits,PhenoDevOps,PhenoDevOps/crates/phenotype-async-traits,HAS_STANDALONE
phenotype-async-traits,PhenoProc,PhenoProc/crates/phenotype-async-traits,HAS_STANDALONE
phenotype-async-traits,ResilienceKit,ResilienceKit/rust/phenotype-async-traits,HAS_STANDALONE
phenotype-bdd,PhenoProc,PhenoProc/crates/phenotype-bdd,HAS_STANDALONE
phenotype-bdd,phenotype-infrakit,phenotype-infrakit/crates/phenotype-bdd,HAS_STANDALONE
phenotype-cache-adapter,HexaKit,HexaKit/crates/phenotype-cache-adapter,HAS_STANDALONE
phenotype-cache-adapter,PhenoProc,PhenoProc/crates/phenotype-cache-adapter,HAS_STANDALONE
phenotype-casbin-wrapper,AuthKit,AuthKit/crates/phenotype-casbin-wrapper,HAS_STANDALONE
phenotype-casbin-wrapper,Authvault,Authvault/rust/phenotype-casbin-wrapper,HAS_STANDALONE
phenotype-casbin-wrapper,HexaKit,HexaKit/crates/phenotype-casbin-wrapper,HAS_STANDALONE
phenotype-casbin-wrapper,PhenoDevOps,PhenoDevOps/crates/phenotype-casbin-wrapper,HAS_STANDALONE
phenotype-compliance-scanner,HexaKit,HexaKit/crates/phenotype-compliance-scanner,HAS_STANDALONE
phenotype-compliance-scanner,PhenoObservability,PhenoObservability/rust/phenotype-compliance-scanner,HAS_STANDALONE
phenotype-compliance-scanner,TestingKit,TestingKit/rust/phenotype-compliance-scanner,HAS_STANDALONE
phenotype-compliance-scanner,phenotype-infrakit,phenotype-infrakit/crates/phenotype-compliance-scanner,HAS_STANDALONE
phenotype-config-loader,Configra-conft-settly-check,Configra-conft-settly-check/crates/phenotype-config-loader,HAS_STANDALONE
phenotype-config-loader,Configra,Configra/crates/phenotype-config-loader,HAS_STANDALONE
phenotype-config-loader,PhenoDevOps,PhenoDevOps/crates/phenotype-config-loader,HAS_STANDALONE
phenotype-config-loader,PhenoProc,PhenoProc/crates/phenotype-config-loader,HAS_STANDALONE
phenotype-contract,PhenoDevOps,PhenoDevOps/crates/phenotype-contract,HAS_STANDALONE
phenotype-contracts,AuthKit,AuthKit/rust/phenotype-contracts,HAS_STANDALONE
phenotype-contracts,FocalPoint,FocalPoint/crates/phenotype-contracts,HAS_STANDALONE
phenotype-contracts,PhenoDevOps,PhenoDevOps/crates/phenotype-contracts,HAS_STANDALONE
phenotype-contracts,PhenoProc,PhenoProc/crates/phenotype-contracts,HAS_STANDALONE
phenotype-contracts,ResilienceKit,ResilienceKit/rust/phenotype-contracts,HAS_STANDALONE
phenotype-core,HexaKit,HexaKit/crates/phenotype-core,HAS_STANDALONE
phenotype-core,PhenoProc,PhenoProc/crates/phenotype-core,HAS_STANDALONE
phenotype-cost-core,HexaKit,HexaKit/crates/phenotype-cost-core,HAS_STANDALONE
phenotype-cost-core,PhenoDevOps,PhenoDevOps/crates/phenotype-cost-core,HAS_STANDALONE
phenotype-crypto,AuthKit,AuthKit/crates/phenotype-crypto,HAS_STANDALONE
phenotype-crypto,Authvault,Authvault/rust/phenotype-crypto,HAS_STANDALONE
phenotype-crypto,FocalPoint,FocalPoint/crates/phenotype-crypto,HAS_STANDALONE
phenotype-crypto,HexaKit,HexaKit/crates/phenotype-crypto,HAS_STANDALONE
phenotype-crypto,PhenoDevOps,PhenoDevOps/crates/phenotype-crypto,HAS_STANDALONE
phenotype-error-core,FocalPoint,FocalPoint/crates/phenotype-error-core,HAS_STANDALONE
phenotype-error-core,PhenoDevOps,PhenoDevOps/crates/phenotype-error-core,HAS_STANDALONE
phenotype-error-core,PhenoProc,PhenoProc/crates/phenotype-error-core,HAS_STANDALONE
phenotype-error-core,ResilienceKit,ResilienceKit/rust/phenotype-error-core,HAS_STANDALONE
phenotype-error-macros,HexaKit,HexaKit/crates/phenotype-error-macros,HAS_STANDALONE
phenotype-error-macros,PhenoDevOps,PhenoDevOps/crates/phenotype-error-macros,HAS_STANDALONE
phenotype-error-macros,PhenoProc,PhenoProc/crates/phenotype-error-macros,HAS_STANDALONE
phenotype-errors,PhenoDevOps,PhenoDevOps/crates/phenotype-errors,HAS_STANDALONE
phenotype-errors,PhenoProc,PhenoProc/crates/phenotype-errors,HAS_STANDALONE
phenotype-event-bus,Eventra,Eventra/rust/phenotype-event-bus,HAS_STANDALONE
phenotype-event-bus,PhenoProc,PhenoProc/crates/phenotype-event-bus,HAS_STANDALONE
phenotype-event-sourcing,Eventra,Eventra/rust/phenotype-event-sourcing,HAS_STANDALONE
phenotype-event-sourcing,FocalPoint,FocalPoint/crates/phenotype-event-sourcing,HAS_STANDALONE
phenotype-event-sourcing,HexaKit,HexaKit/crates/phenotype-event-sourcing,HAS_STANDALONE
phenotype-event-sourcing,PhenoProc,PhenoProc/crates/phenotype-event-sourcing,HAS_STANDALONE
phenotype-flags,,pheno/crates/phenotype-flags,MONOREPO_CANONICAL
phenotype-git-core,HexaKit,HexaKit/crates/phenotype-git-core,HAS_STANDALONE
phenotype-git-core,PhenoDevOps,PhenoDevOps/crates/phenotype-git-core,HAS_STANDALONE
phenotype-health,PhenoDevOps,PhenoDevOps/crates/phenotype-health,HAS_STANDALONE
phenotype-health,PhenoObservability,PhenoObservability/rust/phenotype-health,HAS_STANDALONE
phenotype-health,PhenoProc,PhenoProc/crates/phenotype-health,HAS_STANDALONE
phenotype-http-client-core,PhenoDevOps,PhenoDevOps/crates/phenotype-http-client-core,HAS_STANDALONE
phenotype-http-client-core,PhenoProc,PhenoProc/crates/phenotype-http-client-core,HAS_STANDALONE
phenotype-infrastructure,HexaKit,HexaKit/crates/phenotype-infrastructure,HAS_STANDALONE
phenotype-iter,PhenoDevOps,PhenoDevOps/crates/phenotype-iter,HAS_STANDALONE
phenotype-logging,ObservabilityKit,ObservabilityKit/rust/phenotype-logging,HAS_STANDALONE
phenotype-logging,PhenoDevOps,PhenoDevOps/crates/phenotype-logging,HAS_STANDALONE
phenotype-logging,PhenoObservability,PhenoObservability/rust/phenotype-logging,HAS_STANDALONE
phenotype-macros,PhenoDevOps,PhenoDevOps/crates/phenotype-macros,HAS_STANDALONE
phenotype-macros,PhenoProc,PhenoProc/crates/phenotype-macros,HAS_STANDALONE
phenotype-mcp,PhenoDevOps,PhenoDevOps/crates/phenotype-mcp,HAS_STANDALONE
phenotype-mock,PhenoObservability,PhenoObservability/rust/phenotype-mock,HAS_STANDALONE
phenotype-mock,PhenoProc,PhenoProc/crates/phenotype-mock,HAS_STANDALONE
phenotype-mock,TestingKit,TestingKit/rust/phenotype-mock,HAS_STANDALONE
phenotype-policy-engine,FocalPoint,FocalPoint/crates/phenotype-policy-engine,HAS_STANDALONE
phenotype-policy-engine,PhenoDevOps,PhenoDevOps/crates/phenotype-policy-engine,HAS_STANDALONE
phenotype-policy-engine,PhenoProc,PhenoProc/crates/phenotype-policy-engine,HAS_STANDALONE
phenotype-port-traits,HexaKit,HexaKit/crates/phenotype-port-traits,HAS_STANDALONE
phenotype-port-traits,PhenoDevOps,PhenoDevOps/crates/phenotype-port-traits,HAS_STANDALONE
phenotype-port-traits,PhenoProc,PhenoProc/crates/phenotype-port-traits,HAS_STANDALONE
phenotype-port-traits,ResilienceKit,ResilienceKit/rust/phenotype-port-traits,HAS_STANDALONE
phenotype-ports-canonical,HexaKit,HexaKit/crates/phenotype-ports-canonical,HAS_STANDALONE
phenotype-ports-canonical,PhenoDevOps,PhenoDevOps/crates/phenotype-ports-canonical,HAS_STANDALONE
phenotype-process,HexaKit,HexaKit/crates/phenotype-process,HAS_STANDALONE
phenotype-process,PhenoDevOps,PhenoDevOps/crates/phenotype-process,HAS_STANDALONE
phenotype-project-registry,HexaKit,HexaKit/crates/phenotype-project-registry,HAS_STANDALONE
phenotype-project-registry,PhenoObservability,PhenoObservability/rust/phenotype-project-registry,HAS_STANDALONE
phenotype-project-registry,PhenoProc,PhenoProc/crates/phenotype-project-registry,HAS_STANDALONE
phenotype-rate-limit,HexaKit,HexaKit/crates/phenotype-rate-limit,HAS_STANDALONE
phenotype-retry,HexaKit,HexaKit/crates/phenotype-retry,HAS_STANDALONE
phenotype-retry,PhenoProc,PhenoProc/crates/phenotype-retry,HAS_STANDALONE
phenotype-retry,ResilienceKit,ResilienceKit/rust/phenotype-retry,HAS_STANDALONE
phenotype-security-aggregator,AuthKit,AuthKit/rust/phenotype-security-aggregator,HAS_STANDALONE
phenotype-security-aggregator,HexaKit,HexaKit/crates/phenotype-security-aggregator,HAS_STANDALONE
phenotype-security-aggregator,PhenoObservability,PhenoObservability/rust/phenotype-security-aggregator,HAS_STANDALONE
phenotype-shared-config,HexaKit,HexaKit/crates/phenotype-shared-config,HAS_STANDALONE
phenotype-shared-config,PhenoDevOps,PhenoDevOps/crates/phenotype-shared-config,HAS_STANDALONE
phenotype-state-machine,PhenoDevOps,PhenoDevOps/crates/phenotype-state-machine,HAS_STANDALONE
phenotype-state-machine,PhenoProc,PhenoProc/crates/phenotype-state-machine,HAS_STANDALONE
phenotype-state-machine,ResilienceKit,ResilienceKit/rust/phenotype-state-machine,HAS_STANDALONE
phenotype-string,PhenoDevOps,PhenoDevOps/crates/phenotype-string,HAS_STANDALONE
phenotype-string,PhenoProc,PhenoProc/crates/phenotype-string,HAS_STANDALONE
phenotype-telemetry,ObservabilityKit,ObservabilityKit/rust/phenotype-telemetry,HAS_STANDALONE
phenotype-telemetry,PhenoDevOps,PhenoDevOps/crates/phenotype-telemetry,HAS_STANDALONE
phenotype-telemetry,PhenoObservability,PhenoObservability/rust/phenotype-telemetry,HAS_STANDALONE
phenotype-telemetry,PhenoProc,PhenoProc/crates/phenotype-telemetry,HAS_STANDALONE
phenotype-test-fixtures,PhenoProc,PhenoProc/crates/phenotype-test-fixtures,HAS_STANDALONE
phenotype-test-fixtures,TestingKit,TestingKit/rust/phenotype-test-fixtures,HAS_STANDALONE
phenotype-test-infra,PhenoDevOps,PhenoDevOps/crates/phenotype-test-infra,HAS_STANDALONE
phenotype-test-infra,PhenoProc,PhenoProc/crates/phenotype-test-infra,HAS_STANDALONE
phenotype-test-infra,TestingKit,TestingKit/rust/phenotype-test-infra,HAS_STANDALONE
phenotype-testing,TestingKit,TestingKit/rust/phenotype-testing,HAS_STANDALONE
phenotype-time,HexaKit,HexaKit/crates/phenotype-time,HAS_STANDALONE
phenotype-time,PhenoProc,PhenoProc/crates/phenotype-time,HAS_STANDALONE
phenotype-validation,PhenoDevOps,PhenoDevOps/crates/phenotype-validation,HAS_STANDALONE
phenotype-validation,PhenoProc,PhenoProc/crates/phenotype-validation,HAS_STANDALONE
